{"fail":23.5294117647059,"c1":[20,8],"c2":[0,6],"round.pred.":[1,1,1,1,0,1,0,0,1,0,0,0,0,0,0,0,0,0,0,0,0,0,0,0,0,0,0,0,0,0,0,0,0,0],"dev.res":[-1.21619190399346,-0.6492454521427,2.34454084870694],"Estimate":[1.01511451834086,-0.308115064335974],"Std..Error":[0.664807367698364,0.11901982942878],"z.value":[1.5269303074292,-2.58877084444443],"Pr...z..":[0.126778342272225,0.00963191679707572]}
